Symbol,Name,Last Sale,Net Change,% Change,Market Cap,Country,IPO Year,Volume,Sector,Industry
AAMC,Altisource Asset Management Corp Com,$29.9799,0.1099,0.368%,53280428.00,United States,,8632,Finance,Investment Managers
AAU,Almaden Minerals Ltd. Common Shares,$0.2369,-0.0035,-1.456%,32507752.00,Canada,2015,261651,,
ACU,Acme United Corporation. Common Stock,$21.75,-0.815,-3.612%,76880356.00,United States,1988,13048,Consumer Discretionary,Home Furnishings
ADRA,Adara Acquisition Corp. Class A Common Stock,$10.19,-0.24,-2.301%,146481250.00,United States,2021,41172,Industrials,Consumer Electronics/Appliances
ADRT,Ault Disruptive Technologies Corporation Common Stock,$10.31,-0.04,-0.386%,148206250.00,,2022,250001,Industrials,Consumer Electronics/Appliances
AE,Adams Resources & Energy Inc. Common Stock,$50.05,0.75,1.521%,122742820.00,United States,1980,18297,Energy,Oilfield Services/Equipment
AEF,abrdn Emerging Markets Equity Income Fund Inc. Common Stock,$5.57,0.04,0.723%,282687403.00,United States,,71488,Finance,Finance/Investors Services
AGE,AgeX Therapeutics Inc. Common Stock,$0.7229,0.0228,3.257%,27431996.00,,2018,6702,Health Care,Biotechnology: Pharmaceutical Preparations
AIM,AIM ImmunoTech Inc. Common Stock,$0.66,0.0299,4.745%,26195408.00,United States,1997,237219,Health Care,Biotechnology: Biological Products (No Diagnostic Substances)
AINC,Ashford Inc. (Holding Company) Common Stock,$13.91,-0.2307,-1.631%,43330499.00,United States,2014,1031,Finance,Investment Managers
AIRI,Air Industries Group Common Stock,$5.38,0.13,2.476%,17473901.00,United States,,4010,Industrials,Military/Government/Technical
AMBO,Ambow Education Holding Ltd. American Depository Shares each representing two Class A ordinary shares,$0.37,0.0103,2.863%,9395473.00,China,,46483,Consumer Discretionary,Service to the Health Industry
AMPE,Ampio Pharmaceuticals Inc.,$0.2748,-0.0062,-2.206%,4145576.00,United States,2022,128414,Health Care,Biotechnology: Pharmaceutical Preparations
AMS,American Shared Hospital Services Common Stock,$3.16,-0.03,-0.94%,19443480.00,United States,1988,16122,Health Care,Medical Specialities
APT,Alpha Pro Tech Ltd. Common Stock,$4.15,0.00,0.00%,51937067.00,Canada,2000,27419,,
AREN,The Arena Group Holdings Inc. Common Stock,$7.70,-0.07,-0.901%,140486808.00,,2022,58142,Technology,Interactive Media
ARMP,Armata Pharmaceuticals Inc. Common Stock,$2.8007,0.4507,19.179%,101230478.00,United States,,18965,Health Care,Biotechnology: Biological Products (No Diagnostic Substances)
ASM,Avino Silver & Gold Mines Ltd. Common Shares (Canada),$0.815,0.0244,3.086%,96454508.00,Canada,,302814,,
ASXC,Asensus Surgical Inc. Common Stock,$0.6792,0.0606,9.796%,160861654.00,United States,,1701571,Health Care,Medical/Dental Instruments
ATNM,Actinium Pharmaceuticals Inc. (Delaware) Common Stock,$10.46,-0.09,-0.853%,266555381.00,United States,,140043,Health Care,Biotechnology: Pharmaceutical Preparations
AULT,Ault Alliance Inc. Common Stock,$0.1256,-0.013,-9.38%,45909964.00,United States,1997,6855973,Industrials,Military/Government/Technical
AULT^D,Ault Alliance Inc. 13.00% Series D Cumulative Redeemable Perpetual Preferred Stock,$13.99,-0.01,-0.071%,,United States,,2375,,
AUMN,Golden Minerals Company Common Stock,$0.3139,0.006,1.949%,52571342.00,United States,,428096,Basic Materials,Precious Metals
AUST,Austin Gold Corp. Common Shares,$1.0674,0.0673,6.729%,14166266.00,,2022,65015,,
AWX,Avalon Holdings Corporation Common Stock,$2.81,0.00,0.00%,10957401.00,United States,1998,74,Utilities,Environmental Services
BATL,Battalion Oil Corporation Common Stock,$11.14,-0.41,-3.55%,182081239.00,,,10436,Energy,Oil & Gas Production
BCV,Bancroft Fund Ltd.,$17.75,-0.11,-0.616%,103632630.00,United States,1972,22165,Finance,Finance/Investors Services
BCV^A,Bancroft Fund Limited 5.375% Series A Cumulative Preferred Shares,$23.90,0.00,0.00%,,United States,,51,,
BDL,Flanigan's Enterprises Inc. Common Stock,$26.56,0.00,0.00%,49365664.00,United States,1972,127,Consumer Discretionary,Restaurants
BGI,Birks Group Inc. Common Stock,$7.50,0.0099,0.132%,140482268.00,Canada,,31420,,
BHB,Bar Harbor Bankshares Inc. Common Stock,$30.42,-0.38,-1.234%,458296160.00,United States,1997,28317,Finance,Major Banks
BHM,Bluerock Homes Trust Inc. Class A Common Stock,$20.99,-0.05,-0.238%,80675107.00,,2022,28250,Real Estate,Real Estate Investment Trusts
BKTI,BK Technologies Corporation Common Stock,$3.51,-0.01,-0.284%,59614882.00,United States,,19885,Technology,Radio And Television Broadcasting And Communications Equipment
BMTX,BM Technologies Inc. Common Stock,$5.11,-0.0127,-0.248%,62538464.00,,2018,40089,Technology,EDP Services
BRBS,Blue Ridge Bankshares Inc. Common Stock,$12.27,0.02,0.163%,232470708.00,,,11801,Finance,Commercial Banks
BRN,Barnwell Industries Inc. Common Stock,$2.68,0.08,3.077%,26683921.00,United States,1965,37747,Energy,Oil & Gas Production
BTG,B2Gold Corp Common shares (Canada),$4.13,0.08,1.975%,4437960326.00,Canada,,14315342,,
BTTR,Better Choice Company Inc. Common Stock,$0.63,-0.0156,-2.416%,18525483.00,,2021,5635,Consumer Discretionary,Food Distributors
CANF,Can-Fite Biopharma Ltd Sponsored ADR (Israel),$4.68,-0.32,-6.40%,14129641.00,Israel,,19512,Health Care,Biotechnology: Pharmaceutical Preparations
CCEL,Cryo-Cell International Inc. Common Stock,$4.4168,0.1468,3.438%,37627823.00,United States,2022,5617,Health Care,Managed Health Care
CCF,Chase Corporation Common Stock,$88.11,-1.49,-1.663%,837046586.00,United States,1995,28805,Consumer Discretionary,Paints/Coatings
CEI,Camber Energy Inc. Common Stock,$1.82,0.05,2.825%,32314027.00,United States,,1122841,Energy,Oil & Gas Production
CET,Central Securities Corporation Common Stock,$34.28,-0.62,-1.777%,934811624.00,United States,1951,42652,Finance,Finance/Investors Services
CEV,Eaton Vance California Municipal Income Trust Shares of Beneficial Interest,$10.39,0.02,0.193%,74117844.00,United States,1999,25929,Finance,Finance/Investors Services
CIK,Credit Suisse Asset Management Income Fund Inc. Common Stock,$2.65,-0.01,-0.376%,138698329.00,United States,,193856,Finance,Finance/Investors Services
CIX,CompX International Inc. Common Stock,$18.29,-0.02,-0.109%,225097902.00,United States,1998,2821,Technology,Security Systems Services
CKX,CKX Lands Inc. Common Stock,$10.30,0.00,0.00%,20336598.00,United States,2003,39,Energy,Oil & Gas Production
CLM,Cornerstone Strategic Value Fund Inc. New Common Stock,$7.58,-0.08,-1.044%,1550652940.00,United States,2003,999563,Finance,Finance/Investors Services
CMCL,Caledonia Mining Corporation Plc Common Shares,$14.36,0.27,1.916%,248188360.00,Canada,,40432,Basic Materials,Precious Metals
CMT,Core Molding Technologies Inc Common Stock,$13.32,-0.40,-2.915%,118819755.00,United States,1996,33801,Consumer Discretionary,Electronic Components
COHN,Cohen & Company Inc.,$8.65,-0.02,-0.231%,14851548.00,United States,,945,Finance,Investment Managers
CPHI,China Pharma Holdings Inc. Common Stock,$0.1017,-0.0034,-3.235%,5252045.00,China,,832441,Health Care,Biotechnology: Pharmaceutical Preparations
CQP,Cheniere Energy Partners LP Cheniere Energy Partners LP Common Units,$55.37,0.85,1.559%,26800830966.00,United States,2007,70803,Utilities,Oil/Gas Transmission
CRF,Cornerstone Total Return Fund Inc. (The) Common Stock,$7.39,-0.04,-0.538%,717935248.00,United States,2003,510133,Finance,Finance/Investors Services
CTGO,Contango ORE Inc. Common Stock,$27.75,0.1899,0.689%,195861998.00,,2021,827,Basic Materials,Precious Metals
CTM,Castellum Inc. Common Stock,$1.14,-0.10,-8.065%,47354850.00,,2022,108837,Technology,EDP Services
CVM,Cel-Sci Corporation Common Stock,$2.85,-0.07,-2.397%,124487610.00,United States,1997,121017,Health Care,Biotechnology: Biological Products (No Diagnostic Substances)
CVR,Chicago Rivet & Machine Co. Common Stock,$28.8999,0.6898,2.445%,27921118.00,United States,1930,1359,Consumer Discretionary,Industrial Specialties
CVU,CPI Aerostructures Inc. Common Stock,$3.56,0.09,2.594%,44085000.00,United States,2022,10412,Industrials,Military/Government/Technical
CYBN,Cybin Inc. Common Shares,$0.412,-0.038,-8.444%,72742564.00,,,1062779,Health Care,Pharmaceuticals and Biotechnology
DC,Dakota Gold Corp. Common Stock,$3.65,0.32,9.61%,267100616.00,,2022,113928,Basic Materials,Precious Metals
DHY,Credit Suisse High Yield Bond Fund Common Stock,$1.88,-0.01,-0.529%,194605822.00,United States,1998,249222,Finance,Finance/Investors Services
DIT,AMCON Distributing Company Common Stock,$176.00,-2.40,-1.345%,107545152.00,United States,1999,1106,Consumer Discretionary,Food Distributors
DLA,Delta Apparel Inc. Common Stock,$11.65,-0.36,-2.998%,81564796.00,United States,2000,16906,Consumer Discretionary,Department/Specialty Retail Stores
DMF,BNY Mellon Municipal Income Inc. Common Stock,$6.55,-0.01,-0.152%,135960099.00,United States,1988,36941,Finance,Finance/Investors Services
DMYY,dMY Squared Technology Group Inc. Class A Common Stock,$10.01,0.00,0.00%,0.00,,2022,55,Industrials,Consumer Electronics/Appliances
DNN,Denison Mines Corp Ordinary Shares (Canada),$1.26,0.02,1.613%,1035990492.00,Canada,,3483976,,
DPSI,DecisionPoint Systems Inc. Common Stock,$10.08,0.26,2.648%,74566740.00,,2022,36414,Technology,Retail: Computer Software & Peripheral Equipment
DSS,DSS Inc. Common Stock,$0.2149,-0.0079,-3.546%,29874790.00,United States,,86341,,
DXF,Dunxin Financial Holdings Limited American Depositary Shares,$0.1901,-0.0018,-0.938%,3969133.00,China,,114446,Consumer Discretionary,Apparel
EAD,Allspring Income Opportunities Fund Common Shares,$6.72,-0.03,-0.444%,401357215.00,United States,2003,131905,Finance,Finance/Investors Services
ECF,Ellsworth Growth and Income Fund Ltd.,$8.54,-0.10,-1.157%,117046388.00,United States,1986,48093,Finance,Finance/Investors Services
ECF^A,Ellsworth Growth and Income Fund Ltd. 5.25% Series A Cumulative Preferred Shares (Liquidation Preference $25.00 per share),$23.12,0.21,0.917%,,United States,,2904,,
EFSH,1847 Holdings LLC Common Shares,$1.87,-0.005,-0.267%,9229862.00,,2022,8943,Industrials,Consumer Electronics/Appliances
EIM,Eaton Vance Municipal Bond Fund Common Shares of Beneficial Interest $.01 par value,$10.52,-0.02,-0.19%,756947496.00,United States,2002,205461,Finance,Finance/Investors Services
ELA,Envela Corporation Common Stock,$5.67,-0.05,-0.874%,152661240.00,United States,,65609,Consumer Discretionary,Consumer Specialties
ELLO,Ellomay Capital Ltd Ordinary Shares (Israel),$17.5074,1.1274,6.883%,225015347.00,Israel,,120,Utilities,Electric Utilities: Central
ELMD,Electromed Inc. Common Stock,$10.30,-0.02,-0.194%,87396159.00,United States,2011,2953,Health Care,Biotechnology: Electromedical & Electrotherapeutic Apparatus
EMAN,eMagin Corporation Common Stock,$0.91,0.0099,1.10%,71177081.00,United States,,97122,Technology,Industrial Machinery/Components
EMX,EMX Royalty Corporation Common Shares (Canada),$2.13,0.04,1.914%,235572015.00,Canada,,111452,,
ENSV,Enservco Corporation Common Stock,$1.36,-0.035,-2.509%,16168831.00,United States,,155810,Energy,Oilfield Services/Equipment
ENX,Eaton Vance New York Municipal Bond Fund Common Shares of Beneficial Interest $.01 par value,$9.66,-0.03,-0.31%,173506052.00,United States,2002,33706,Finance,Finance/Investors Services
EP,Empire Petroleum Corporation Common Stock,$12.28,-0.35,-2.771%,271339555.00,United States,2022,15107,Energy,Oil & Gas Production
EPM,Evolution Petroleum Corporation Inc. Common Stock,$6.65,-0.06,-0.894%,224214466.00,United States,,212673,Energy,Oil & Gas Production
EQX,Equinox Gold Corp. Common Shares,$4.40,0.39,9.726%,1342250030.00,Canada,,2194394,,
ERC,Allspring Multi-Sector Income Fund Common Stock,$10.01,-0.18,-1.766%,280753593.00,United States,2003,81908,Finance,Finance/Investors Services
ERH,Allspring Utilities and High Income Fund Common Shares,$11.25,-0.185,-1.618%,104537891.00,,2004,17847,Finance,Finance/Investors Services
ESP,Espey Mfg. & Electronics Corp. Common Stock,$15.2543,-0.3456,-2.215%,41226775.00,United States,1960,692,Technology,Industrial Machinery/Components
EVBN,Evans Bancorp Inc. Common Stock,$39.49,0.19,0.483%,217745886.00,United States,,7989,Finance,Major Banks
EVI,EVI Industries Inc.  Common Stock,$22.26,0.58,2.675%,307131660.00,United States,1999,18204,Industrials,Industrial Machinery/Components
EVM,Eaton Vance California Municipal Bond Fund Common Shares of Beneficial Interest $.01 par value,$9.04,-0.03,-0.331%,223043369.00,United States,2002,143198,Finance,Finance/Investors Services
EVV,Eaton Vance Limited Duration Income Fund Common Shares of Beneficial Interest,$10.08,0.04,0.398%,1171330877.00,United States,2003,249263,Finance,Finance/Investors Services
EXN,Excellon Resources Inc. Common Shares,$0.3176,-0.0031,-0.967%,11637836.00,,2020,102142,,
FAX,abrdn Asia-Pacific Income Fund Inc. Common Stock,$2.82,-0.01,-0.353%,698502069.00,United States,1986,1039707,Finance,Investment Managers
FCO,abrdn Global Income Fund Inc. Common Stock,$5.62,0.15,2.742%,63338159.00,United States,1992,128519,Finance,Investment Managers
FEN,First Trust Energy Income and Growth Fund,$14.37,0.23,1.627%,279594733.00,United States,2004,96116,Finance,Finance/Investors Services
FGH,FG Group Holdings Inc. Common Stock,$2.31,-0.08,-3.347%,44974889.00,United States,,8305,Consumer Discretionary,Industrial Machinery/Components
FLAG,First Light Acquisition Group Inc. Class A Common Stock,$10.215,0.015,0.147%,100904015.00,,2021,19689,Industrials,Consumer Electronics/Appliances
FOXO,FOXO Technologies Inc. Class A Common Stock,$0.395,-0.038,-8.776%,12318892.00,,2022,209174,Technology,Retail: Computer Software & Peripheral Equipment
FRD,Friedman Industries Inc. Common Stock,$10.45,0.14,1.358%,77002006.00,United States,1975,19349,Industrials,Steel/Iron Ore
FSI,Flexible Solutions International Inc. Common Stock (CDA),$3.13,-0.039,-1.231%,38894194.00,Canada,2002,19236,Consumer Discretionary,Recreational Games/Products/Toys
FSP,Franklin Street Properties Corp. Common Stock,$2.97,0.01,0.338%,306610665.00,United States,,412940,Real Estate,Real Estate Investment Trusts
FTF,Franklin Limited Duration Income Trust Common Shares of Beneficial Interest,$6.46,0.00,0.00%,261018716.00,United States,2003,76559,Finance,Finance/Investors Services
FURY,Fury Gold Mines Limited Common Shares,$0.6151,0.0151,2.517%,85788581.00,,2020,261655,,
GAU,Galiano Gold Inc.,$0.56,-0.004,-0.709%,125968334.00,Canada,,358274,,
GBR,New Concept Energy Inc Common Stock,$1.16,-0.04,-3.333%,5953043.00,United States,1993,10658,Real Estate,Real Estate
GENC,Gencor Industries Inc. Common Stock,$10.64,0.05,0.472%,155957949.00,United States,,11165,Industrials,Construction/Ag Equipment/Trucks
GGN,GAMCO Global Gold Natural Resources & Income Trust,$3.78,0.02,0.532%,582718446.00,United States,2005,554603,Finance,Finance/Investors Services
GGN^B,GAMCO Global Gold Natural Reources & Income Trust 5.00% Series B Cumulative 25.00 Liquidation Preference,$23.05,0.02,0.087%,,United States,,2986,,
GLDG,GoldMining Inc. Common Shares,$1.33,0.01,0.758%,221108759.00,,,1015750,,
GLO,Clough Global Opportunities Fund Common Stock,$4.98,-0.08,-1.581%,216857696.00,United States,2006,202718,Finance,Finance/Investors Services
GLQ,Clough Global Equity Fund Clough Global Equity Fund Common Shares of Beneficial Interest,$6.21,-0.11,-1.741%,118763896.00,United States,2005,89182,Finance,Finance/Investors Services
GLTA,Galata Acquisition Corp. Class A Ordinary Shares,$10.27,-0.0103,-0.10%,184539063.00,,2021,1289,Finance,Business Services
GLU,Gabelli Global Utility Common Shares of Beneficial Ownership,$14.65,-0.07,-0.476%,87444546.00,United States,2004,30251,Finance,Finance/Investors Services
GLV,Clough Global Dividend and Income Fund Common Shares of beneficial interest,$6.41,-0.085,-1.309%,81468427.00,United States,2004,46621,Finance,Finance/Investors Services
GNS,Genius Group Limited Ordinary Shares,$2.09,1.5545,290.289%,51603486.00,,2022,269659618,Real Estate,Other Consumer Services
GORO,Gold Resource Corporation Common Stock,$1.64,0.04,2.50%,144972899.00,United States,,673500,Basic Materials,Precious Metals
GRF,Eagle Capital Growth Fund Inc. Common Stock,$8.719,0.069,0.798%,34240062.00,United States,,1803,Finance,Finance/Investors Services
GRFX,Graphex Group Limited American Depositary Shares each American Depositary Share representing 20 Ordinary Shares,$1.37,0.03,2.239%,46815850.00,,2022,67007,,
GROY,Gold Royalty Corp. Common Shares,$2.44,0.00,0.00%,351147888.00,,2021,265428,,
GSAT,Globalstar Inc. Common Stock,$1.32,-0.01,-0.752%,2377320000.00,United States,2006,2900041,Consumer Discretionary,Telecommunications Equipment
GTE,Gran Tierra Energy Inc. Common Stock,$0.9386,0.0209,2.277%,336173591.00,Canada,,1379960,Energy,Oil & Gas Production
HNRA,HNR Acquisition Corp Common Stock,$10.29,-0.01,-0.097%,119685563.00,,2022,30580,Industrials,Consumer Electronics/Appliances
HNW,Pioneer Diversified High Income Fund Inc.,$10.55,-0.07,-0.659%,87931707.00,United States,2007,13475,Finance,Finance/Investors Services
HUSA,Houston American Energy Corporation Common Stock,$3.91,0.19,5.108%,38819802.00,United States,,109159,Energy,Oil & Gas Production
HWM^,Howmet Aerospace Inc. $3.75 Preferred Stock,$61.00,0.00,0.00%,,United States,,113,,
HZON,Horizon Acquisition Corporation II Class A Ordinary Shares,$9.90,-0.0012,-0.012%,300450427.00,United States,2020,1446,Finance,Business Services
IAF,abrdn Australia Equity Fund Inc. Common Stock,$4.91,0.07,1.446%,122416999.00,United States,1985,54616,Finance,Finance/Investors Services
IAUX,i-80 Gold Corp. Common Shares,$2.82,0.07,2.545%,677839500.00,,2022,708933,,
IBIO,iBio Inc. Common Stock,$0.70,0.008,1.156%,7373570.00,United States,,285678,Health Care,Biotechnology: Pharmaceutical Preparations
ID,PARTS iD Inc. Class A Common Stock,$0.8049,0.0046,0.575%,27458720.00,United States,2017,25557,Consumer Discretionary,Auto Parts:O.E.M.
IDR,Idaho Strategic Resources Inc. Common Stock,$5.64,-0.06,-1.053%,68233115.00,,2022,5425,Basic Materials,Precious Metals
IDW,IDW Media Holdings Class B Common Stock,$1.08,0.0455,4.398%,15205869.00,,2021,26193,Consumer Discretionary,Newspapers/Magazines
IE,Ivanhoe Electric Inc. Common Stock,$13.69,-0.19,-1.369%,1271635597.00,,2022,233667,Basic Materials,Metal Mining
IGC,India Globalization Capital Inc. Common Stock,$0.3901,-0.0299,-7.119%,20701607.00,United States,,205350,Consumer Discretionary,Engineering & Construction
IHT,InnSuites Hospitality Trust Shares of Beneficial Interest,$1.71,0.03,1.786%,15590947.00,United States,1999,2506,Real Estate,Real Estate Investment Trusts
IMH,Impac Mortgage Holdings Inc. Common Stock ,$0.3218,0.0115,3.706%,11767252.00,United States,1997,17543,Finance,Finance: Consumer Services
IMO,Imperial Oil Limited Common Stock,$50.79,1.77,3.611%,29669116547.00,Canada,1929,528658,,
INDO,Indonesia Energy Corporation Limited Ordinary Shares,$6.03,0.20,3.431%,61160445.00,,2019,197014,Energy,Oil & Gas Production
INFU,InfuSystems Holdings Inc. Common Stock,$9.42,-0.20,-2.079%,194583043.00,United States,,37093,Health Care,Medical/Dental Instruments
INLX,Intellinetics Inc. Common Stock,$4.384,-0.1843,-4.034%,,,2022,2179,Technology,EDP Services
INTT,inTest Corporation Common Stock,$13.32,0.24,1.835%,146825681.00,United States,1997,55741,Technology,Semiconductors
INUV,Inuvo Inc.,$0.3061,-0.0168,-5.203%,36773288.00,United States,,137366,Consumer Discretionary,Advertising
IOR,Income Opportunity Realty Investors Inc. Common Stock,$11.75,0.00,0.00%,48978865.00,United States,1987,20,Finance,Diversified Financial Services
ISDR,Issuer Direct Corporation Common Stock,$27.99,0.59,2.153%,106110650.00,United States,,863,Technology,Computer Software: Prepackaged Software
ISR,IsoRay Inc. Common Stock (DE),$0.2807,-0.0076,-2.636%,39891053.00,United States,,160914,Health Care,Medical Specialities
ITP,IT Tech Packaging Inc. Common Stock,$0.6517,0.0369,6.002%,7439755.00,China,,43047,Basic Materials,Paper
ITRG,Integra Resources Corp. Common Shares,$0.73,0.024,3.399%,58111602.00,,,64670,,
JOB,GEE Group Inc. Common Stock,$0.5053,-0.0046,-0.902%,57831815.00,United States,1968,245270,Consumer Discretionary,Diversified Commercial Services
KIQ,Kelso Technologies Inc Ordinary Shares,$0.31,-0.005,-1.587%,16839227.00,Canada,,17734,,
KNW,Know Labs Inc. Common Stock,$1.32,-0.05,-3.65%,63568477.00,,2022,33636,Industrials,Industrial Machinery/Components
KULR,KULR Technology Group Inc. Common Stock,$1.25,-0.03,-2.344%,140933234.00,United States,,245542,,
LCTX,Lineage Cell Therapeutics Inc. Common Stock,$1.44,-0.01,-0.69%,215973140.00,United States,,149985,Health Care,Biotechnology: Biological Products (No Diagnostic Substances)
LEU,Centrus Energy Corp. Class A Common Stock,$34.11,-0.61,-1.757%,495951077.00,United States,2014,83928,,
LGL,LGL Group Inc. (The) Common Stock,$4.22,-0.27,-6.013%,22589394.00,United States,1946,5096,Technology,Industrial Machinery/Components
LNG,Cheniere Energy Inc. Common Stock,$150.59,-0.78,-0.515%,37445619950.00,United States,2001,2552245,Utilities,Oil/Gas Transmission
LODE,Comstock Inc. Common Stock,$0.5384,0.0331,6.551%,46332221.00,United States,,554612,Finance,Real Estate
LPTV,Loop Media Inc. Common Stock,$6.12,0.14,2.341%,345052999.00,,2022,30535,Industrials,Broadcasting
LSF,Laird Superfood Inc. Common Stock,$1.16,0.00,0.00%,10698242.00,,2020,19682,Consumer Staples,Specialty Foods
LXFR,Luxfer Holdings PLC Ordinary Shares,$15.58,0.10,0.646%,423910627.00,United Kingdom,2012,91288,Industrials,Metal Fabrications
MAG,MAG Silver Corporation Ordinary Shares,$15.31,0.14,0.923%,1512188572.00,Canada,,323509,,
MAIA,MAIA Biotechnology Inc. Common Stock,$4.30,0.29,7.232%,47067387.00,,2022,35528,Health Care,Biotechnology: Pharmaceutical Preparations
MGLD,The Marygold Companies Inc. Common Stock,$1.6216,0.0716,4.619%,63944259.00,,2022,8237,Finance,Finance/Investors Services
MHH,Mastech Digital Inc Common Stock,$13.60,-0.32,-2.299%,158000842.00,United States,,10399,Consumer Discretionary,Professional Services
MIMO,Airspan Networks Holdings Inc. Common Stock,$1.45,0.16,12.403%,107190516.00,,2020,29717,Consumer Discretionary,Telecommunications Equipment
MITQ,Moving iMage Technologies Inc. Common Stock,$1.15,-0.025,-2.128%,12602158.00,United States,2021,24600,Telecommunications,Telecommunications Equipment
MLSS,Milestone Scientific Inc. Common Stock,$0.68,-0.01,-1.449%,47460824.00,United States,2015,13641,Health Care,Industrial Specialties
MNK,Mallinckrodt plc Ordinary Shares,$7.62,-0.13,-1.677%,100362502.00,,2022,13141,Health Care,Biotechnology: Pharmaceutical Preparations
MPTI,M-tron Industries Inc. Common Stock,$10.236,-0.019,-0.185%,27911504.00,,2022,1258,,
MSN,Emerson Radio Corporation Common Stock,$0.5501,-0.0204,-3.576%,11575563.00,United States,1994,11011,Consumer Staples,Consumer Electronics/Appliances
MTA,Metalla Royalty & Streaming Ltd. Common Shares,$5.19,0.11,2.165%,233626495.00,,,172337,,
MTMT,Mega Matrix Corp. Common Stock,$1.65,-0.02,-1.198%,43698691.00,United States,1998,27347,Consumer Discretionary,Diversified Commercial Services
MTNB,Matinas Biopharma Holdings Inc. Common Stock,$0.58,0.0076,1.328%,125781425.00,United States,2017,132094,Health Care,Biotechnology: Pharmaceutical Preparations
MXC,Mexco Energy Corporation Common Stock,$13.77,0.27,2.00%,29597458.00,United States,2003,2711,Energy,Oil & Gas Production
MYO,Myomo Inc. Common Stock,$0.44,0.01,2.326%,3104145.00,United States,2017,750276,Health Care,Industrial Specialties
NAK,Northern Dynasty Minerals Ltd. Common Stock,$0.25,-0.0011,-0.438%,132444847.00,Canada,,703657,,
NAVB,Navidea Biopharmaceuticals Inc. Common Stock,$0.2701,0.0141,5.508%,8741614.00,United States,,1299376,Health Care,Biotechnology: In Vitro & In Vivo Diagnostic Substances
NBH,Neuberger Berman Municipal Fund Inc. Common Stock,$11.37,0.15,1.337%,214246775.00,United States,2002,190737,Finance,Finance/Investors Services
NBO,Neuberger Berman New York Municipal Fund Inc. Common Stock,$9.98,0.15,1.526%,50672622.00,United States,2002,23262,Finance,Finance/Investors Services
NBW,Neuberger Berman California Municipal Fund Inc Common Stock,$11.92,0.02,0.168%,66168444.00,United States,2002,41265,Finance,Finance/Investors Services
NBY,NovaBay Pharmaceuticals Inc. Common Stock,$2.06,-0.19,-8.444%,3865475.00,United States,2007,31365,Health Care,Biotechnology: Pharmaceutical Preparations
NEN,New England Realty Associates Limited Partnership Class A Depositary Receipts Evidencing Units of Limited Partnership,$70.39,-1.08,-1.511%,253039239.00,United States,,1080,Finance,Real Estate
NEWP,New Pacific Metals Corp. Common Shares,$2.55,-0.12,-4.494%,399643079.00,,2021,95488,,
NFGC,New Found Gold Corp Common Shares,$3.77,0.11,3.005%,660774550.00,,2021,204246,,
NG,Novagold Resources Inc.,$6.59,0.10,1.541%,2197041662.00,Canada,2003,1529561,,
NGD,New Gold Inc.,$1.10,0.03,2.804%,750530000.00,Canada,,1955295,,
NHC,National HealthCare Corporation Common Stock,$58.68,0.50,0.859%,900391964.00,United States,1986,42928,Health Care,Hospital/Nursing Management
NHS,Neuberger Berman High Yield Strategies Fund,$8.67,0.03,0.347%,168480122.00,United States,,74040,Finance,Trusts Except Educational Religious and Charitable
NHWK,NightHawk Biosciences Inc. Common Stock,$1.175,0.005,0.427%,30152248.00,United States,2022,30427,Health Care,Biotechnology: Pharmaceutical Preparations
NML,Neuberger Berman MLP and Energy Income Fund Inc. Common Stock,$7.07,0.02,0.284%,400578621.00,,2013,153745,Finance,Finance/Investors Services
NNVC,NanoViricides Inc. Common Stock,$1.37,-0.08,-5.517%,15905700.00,United States,,16831,Health Care,Biotechnology: Pharmaceutical Preparations
NRO,Neuberger Berman Real Estate Securities Income Fund Inc. Neuberger Berman Real Estate Securities Income Fund Inc.,$3.44,0.01,0.292%,163247973.00,United States,2003,85719,Finance,Finance/Investors Services
NTIP,Network-1 Technologies Inc. Common Stock,$2.23,0.06,2.765%,53280882.00,United States,,1127,Technology,Interactive Media
OBE,Obsidian Energy Ltd. Common Shares,$6.73,0.21,3.221%,554822613.00,,2022,251936,,
OGEN,Oragenics Inc. Common Stock,$0.1434,-0.0066,-4.40%,16842303.00,United States,,774309,Health Care,Biotechnology: Pharmaceutical Preparations
OPTT,Ocean Power Technologies Inc. Common Stock,$0.7567,0.0767,11.279%,42316087.00,United States,2007,600378,Industrials,Industrial Machinery/Components
ORLA,Orla Mining Ltd. Common Shares,$3.99,0.115,2.968%,1218432915.00,,2020,161034,,
OZ,Belpointe PREP LLC Class A Units,$98.09,0.58,0.595%,348656001.00,,,3505,,
PCG^A,Pacific Gas & Electric Co. 6% Preferred Stock,$21.1962,0.4723,2.279%,,United States,,20016,,
PCG^B,Pacific Gas & Electric Co. 5 1/2% Preferred Stock,$19.06,0.00,0.00%,,United States,,26,,
PCG^C,Pacific Gas & Electric Co. 5% 1st Preferred Stock,$17.694,-0.056,-0.315%,,United States,,288,,
PCG^D,Pacific Gas & Electric Co. 5% 1st  Red. Preferred Stock,$17.5438,0.0438,0.25%,,United States,,454,,
PCG^E,Pacific Gas & Electric Co. 5% 1st A Preferred Stock,$17.4707,-0.0093,-0.053%,,United States,,1621,,
PCG^G,Pacific Gas & Electric Co. 4.80% 1st Preferred Stock,$16.50,0.00,0.00%,,United States,,160,,
PED,Pedevco Corp. Common Stock,$1.08,-0.01,-0.917%,92653488.00,United States,,318518,,
PHGE,BiomX Inc. COmmon Stock,$0.2536,-0.0164,-6.074%,7603507.00,,2019,273175,Health Care,Biotechnology: Pharmaceutical Preparations
PLAG,Planet Green Holdings Corp. Common Stock,$0.6381,-0.0319,-4.761%,45995480.00,China,,8332,,
PLG,Platinum Group Metals Ltd. Ordinary Shares (Canada),$1.59,-0.01,-0.625%,159327613.00,Canada,,356083,,
PLM,Polymet Mining Corporation Ordinary Shares (Canada),$2.64,0.04,1.538%,267883788.00,Canada,,50349,,
PLX,Protalix BioTherapeutics Inc. (DE) Common Stock,$1.70,-0.01,-0.585%,86131517.00,Israel,,794988,Health Care,Biotechnology: Biological Products (No Diagnostic Substances)
PLYM^A,Plymouth Industrial REIT Inc. 7.50% Series A Cumulative Redeemable Preferred Stock,$24.99,-0.0029,-0.012%,,United States,,1315,,
POL,Polished Inc. Common Stock,$0.5014,-0.0452,-8.269%,52761257.00,United States,2020,763091,Consumer Discretionary,Other Specialty Stores
PRK,Park National Corporation Common Stock,$137.31,-0.43,-0.312%,2233152582.00,United States,1994,437462,Finance,Major Banks
PTN,Palatin Technologies Inc. Common Stock,$4.38,0.01,0.229%,45350196.00,United States,1999,96383,Health Care,Biotechnology: Pharmaceutical Preparations
PW,Power REIT (MD) Common Stock,$4.71,-0.02,-0.423%,15965303.00,United States,1998,26238,Real Estate,Real Estate Investment Trusts
PW^A,Power REIT 7.75% Series A Cumulative Perpetual Preferred Stock,$15.94,0.34,2.179%,,United States,,863,,
PZG,Paramount Gold Nevada Corp. Common Stock,$0.3951,0.0245,6.611%,18542983.00,United States,2015,178341,Basic Materials,Precious Metals
RCG,RENN Fund Inc Common Stock,$1.83,0.02,1.105%,12838887.00,United States,,5287,Finance,Investment Managers
REI,Ring Energy Inc. Common Stock,$2.40,0.05,2.128%,418587199.00,United States,,2122505,Energy,Oil & Gas Production
REPX,Riley Exploration Permian Inc. Common Stock,$34.50,1.00,2.985%,695527935.00,United States,1999,39230,Energy,Oil & Gas Production
RHE,Regional Health Properties Inc. Common Stock,$3.552,-0.113,-3.083%,6375513.00,,2017,2347,Health Care,Hospital/Nursing Management
RLGT,Radiant Logistics Inc. Common Stock,$5.46,-0.04,-0.727%,263805005.00,United States,,43170,Consumer Discretionary,Oil Refining/Marketing
RMED,Ra Medical Systems Inc. Common Stock,$3.44,-0.28,-7.527%,7435237.00,,2018,118175,Health Care,Medical/Dental Instruments
RVP,Retractable Technologies Inc. Common Stock,$1.97,0.00,0.00%,64886203.00,United States,2001,15987,Health Care,Medical/Dental Instruments
SACH,Sachem Capital Corp. Common Shares,$3.69,-0.05,-1.337%,150536166.00,United States,2017,340463,Real Estate,Real Estate Investment Trusts
SACH^A,Sachem Capital Corp. 7.75% Series A Cumulative Redeemable Preferred Stock,$21.70,0.18,0.836%,,United States,,3688,,
SATX,SatixFy Communications Ltd. Ordinary Share,$7.70,-0.06,-0.773%,636579590.00,,2022,266414,,
SBEV,Splash Beverage Group Inc. (NV) Common Stock,$0.96,0.05,5.495%,38497071.00,,2021,87556,Consumer Staples,Beverages (Production/Distribution)
SCCB,Sachem Capital Corp. 7.125% Notes due 2024,$24.46,0.00,0.00%,0.00,United States,2019,746,Real Estate,Real Estate Investment Trusts
SCCC,Sachem Capital Corp. 7.75% Notes due 2025,$24.4587,0.0937,0.385%,0.00,United States,2020,7325,Real Estate,Real Estate Investment Trusts
SCCD,Sachem Capital Corp. 6.00% Notes due 2026,$21.338,-0.212,-0.984%,0.00,United States,,4721,Real Estate,Real Estate Investment Trusts
SCCE,Sachem Capital Corp. 6.00% Notes due 2027,$21.78,0.07,0.322%,0.00,United States,2022,2049,Real Estate,Real Estate Investment Trusts
SCCF,Sachem Capital Corp. 7.125% Notes due 2027,$21.75,0.355,1.659%,0.00,United States,2022,2541,Real Estate,Real Estate Investment Trusts
SCCG,Sachem Capital Corp. 8.00% Notes due 2027,$22.34,-0.14,-0.623%,0.00,United States,2022,2569,Real Estate,Real Estate Investment Trusts
SDPI,Superior Drilling Products Inc. Common Stock,$1.065,0.035,3.398%,31146010.00,,2014,79221,Industrials,Metal Fabrications
SEB,Seaboard Corporation Common Stock,$3991.69,47.68,1.209%,4633469927.00,United States,1996,317,Industrials,Consumer Electronics/Appliances
SENS,Senseonics Holdings Inc. Common Stock,$1.07,-0.05,-4.464%,511734292.00,United States,,1950748,Health Care,Biotechnology: Electromedical & Electrotherapeutic Apparatus
SIF,SIFCO Industries Inc. Common Stock,$2.6738,-0.0261,-0.967%,16305413.00,United States,1969,3634,Industrials,Office Equipment/Supplies/Services
SILV,SilverCrest Metals Inc. Common Shares,$6.41,0.06,0.945%,943271652.00,,2018,650473,Industrials,Industrial Machinery/Components
SIM,Grupo Simec S.A.B. de C.V. American Depositary Shares,$32.42,0.00,0.00%,5378577562.00,Mexico,1998,215,Industrials,Aluminum
SKYH,Sky Harbour Group Corporation Class A Common Stock,$4.91,0.5743,13.246%,73467500.00,,2022,29402,Industrials,Military/Government/Technical
SLI,Standard Lithium Ltd. Common Shares,$3.53,0.05,1.437%,587929255.00,,2021,775445,,
SNMP,Evolve Transition Infrastructure LP Common Stock,$0.1439,0.0008,0.559%,28472689.00,United States,,166586,Energy,Oil & Gas Production
SSY,SunLink Health Systems Inc. Common Stock,$0.82,0.1199,17.126%,5765914.00,United States,1996,97022,Consumer Staples,Retail-Drug Stores and Proprietary Stores
STXS,Stereotaxis Inc. Common Stock,$2.19,-0.13,-5.603%,163909924.00,United States,,186490,Health Care,Biotechnology: Electromedical & Electrotherapeutic Apparatus
SVM,Silvercorp Metals Inc. Common Shares,$3.30,0.09,2.804%,582674740.00,,,1196274,,
SVT,Servotronics Inc. Common Stock,$11.50,-0.19,-1.625%,28865483.00,United States,1970,1777,Consumer Discretionary,Metal Fabrications
TELL,Tellurian Inc. Common Stock,$1.89,-0.03,-1.563%,1067032704.00,United States,,7720863,Energy,Oil & Gas Production
TELZ,Tellurian Inc. 8.25% Senior Notes due 2028,$17.40,-0.97,-5.28%,0.00,United States,,3139,Energy,Oil & Gas Production
TGB,Taseko Mines Ltd. Common Stock,$1.77,0.01,0.568%,506931397.00,Canada,,1415881,,
THM,International Tower Hill Mines Ltd. Ordinary Shares (Canada),$0.71,0.10,16.393%,138672361.00,Canada,,443965,,
TKAT,Takung Art Co. Ltd. Common Stock,$0.793,-0.037,-4.458%,27748566.00,,,91380,Consumer Discretionary,Catalog/Specialty Distribution
TMBR,Timber Pharmaceuticals Inc. Common Stock,$1.9601,-0.15,-7.109%,5824318.00,United States,2015,74720,Health Care, Medicinal Chemicals and Botanical Products 
TMP,Tompkins Financial Corporation Common Stock,$74.04,-0.71,-0.95%,1072377368.00,United States,1997,23605,Finance,Major Banks
TMQ,Trilogy Metals Inc. Common Stock,$0.7193,0.0093,1.31%,105179668.00,Canada,,549801,,
TOVX,Theriva Biologics Inc. Common Stock,$0.725,-0.0449,-5.832%,11486944.00,United States,,103958,Health Care,Biotechnology: Pharmaceutical Preparations
TPHS,Trinity Place Holdings Inc. Common Stock,$0.78,0.02,2.632%,28788132.00,,,15768,Real Estate,Real Estate
TRT,Trio-Tech International Common Stock,$4.69,0.21,4.688%,19119629.00,United States,1998,13191,Technology,Industrial Machinery/Components
TRX,TRX Gold Corporation Common Stock,$0.4575,0.0272,6.321%,126539323.00,Canada,,1464530,,
TWND,Tailwind Acquisition Corp. Class A Common Stock,$7.65,-1.35,-15.00%,88649990.00,,2020,101765,Industrials,Consumer Electronics/Appliances
UAMY,United States Antimony Corporation Common Stock,$0.439,-0.0131,-2.898%,46697897.00,United States,,432660,,
UAVS,AgEagle Aerial Systems Inc. Common Stock,$0.475,-0.0036,-0.752%,41804347.00,United States,,370601,Industrials,Wholesale Distributors
UEC,Uranium Energy Corp. Common Stock,$3.65,0.05,1.389%,1349781103.00,Canada,,5561592,Basic Materials,Other Metals and Minerals
UFAB,Unique Fabricating Inc. Common Stock,$0.73,-0.0298,-3.922%,8565197.00,United States,2015,12876,Consumer Discretionary,Auto Parts:O.E.M.
URG,Ur Energy Inc Common Shares (Canada),$1.17,0.00,0.00%,261057453.00,Canada,,684273,,
USAS,Americas Gold and Silver Corporation Common Shares no par value,$0.65,-0.013,-1.961%,124458721.00,,2017,396285,,
UTG,Reaves Utility Income Fund Common Shares of Beneficial Interest,$29.43,-0.26,-0.876%,2118293499.00,United States,2004,222387,Finance,Investment Managers
UUU,Universal Security Instruments Inc. Common Stock,$1.90,-0.33,-14.798%,4394485.00,United States,2003,66120,Technology,Security Systems Services
UUUU,Energy Fuels Inc Ordinary Shares (Canada),$6.51,0.00,0.00%,1026141374.00,,,1048291,,
VFL,Delaware Investments National Municipal Income Fund Common Stock,$11.02,-0.06,-0.542%,230942779.00,United States,1993,38871,Finance,Finance/Investors Services
VGZ,Vista Gold Corp Common Stock,$0.6299,0.0135,2.19%,74521387.00,United States,1986,226776,,
VHAQ,Viveon Health Acquisition Corp. Common Stock,$10.32,0.00,0.00%,103861760.00,,2021,2,Industrials,Consumer Electronics/Appliances
VINE,Fresh Vine Wine Inc. Common Stock,$0.9401,0.0201,2.185%,11969595.00,,2021,7948,Consumer Staples,Beverages (Production/Distribution)
VKI,Invesco Advantage Municipal Income Trust II Common Shares of Beneficial Interest (DE),$8.88,0.01,0.113%,394325458.00,United States,1993,271529,Finance,Finance Companies
VNRX,VolitionRX Limited Common Stock,$2.66,0.06,2.308%,153006842.00,Singapore,2015,170772,Health Care,Biotechnology: Biological Products (No Diagnostic Substances)
VZLA,Vizsla Silver Corp. Common Shares,$1.27,0.03,2.419%,228194619.00,,2022,183079,,
WLMS,Williams Industrial Services Group Inc. Common Stock,$1.03,-0.01,-0.962%,27215444.00,,2021,99128,Industrials,Engineering & Construction
WRN,Western Copper and Gold Corporation Common Stock,$1.86,-0.02,-1.064%,281971330.00,Canada,2011,153598,,
WTT,Wireless Telecom Group  Inc. Common Stock,$1.87,0.02,1.081%,40311124.00,United States,1993,10864,Telecommunications,Telecommunications Equipment
WWR,Westwater Resources Inc. Common Stock,$1.045,-0.005,-0.476%,50229683.00,United States,,140148,Basic Materials,Other Metals and Minerals
WYY,WidePoint Corporation Common Stock,$1.96,0.00,0.00%,17101933.00,United States,,11885,Technology,EDP Services
XPL,Solitario Zinc Corp. Common Stock,$0.6395,0.0124,1.977%,41419694.00,United States,,35406,Basic Materials,Precious Metals
XTNT,Xtant Medical Holdings Inc. Common Stock,$0.625,0.033,5.574%,67912118.00,United States,,42033,Health Care,Medical Specialities
YCBD,cbdMD Inc. Common Stock,$0.31,0.007,2.31%,18811501.00,United States,2017,215407,Health Care,Biotechnology: Pharmaceutical Preparations
YCBD^A,cbdMD Inc. 8.0% Series A Cumulative Convertible Preferred Stock,$4.0999,0.00,0.00%,,United States,,333,,
ZDGE,Zedge Inc. Class B Common Stock ,$2.29,0.00,0.00%,33834260.00,,2016,39964,Technology,Internet and Information Services
ZOM,Zomedica Corp. Common Shares,$0.2818,0.0143,5.346%,276149816.00,United States,2017,13551847,Health Care,Pharmaceuticals and Biotechnology
